<TaskerData sr="" dvi="1" tv="4.2u3m">
	<Profile sr="prof24" ve="2">
		<cdate>1384750509083</cdate>
		<clp>true</clp>
		<edate>1384821193026</edate>
		<id>24</id>
		<mid0>29</mid0>
		<nme>Wallpaper.Updater</nme>
		<Time sr="con0">
			<fh>7</fh>
			<fm>0</fm>
			<rep>2</rep>
			<repval>30</repval>
			<th>23</th>
			<tm>30</tm>
		</Time>
	</Profile>
	<Project sr="proj0">
		<cdate>1385211212752</cdate>
		<name>Wallpaper</name>
		<pids>24</pids>
		<tids>28,25,29</tids>
		<Img sr="icon" ve="2">
			<nme>hd_content_new_picture</nme>
		</Img>
	</Project>
	<Task sr="task25">
		<cdate>1384750542521</cdate>
		<edate>1385294798331</edate>
		<id>25</id>
		<nme>Wallpaper.LocalChanger</nme>
		<pri>10</pri>
		<Action sr="act0" ve="3">
			<code>412</code>
			<Str sr="arg0" ve="3">macrobull/Media/Image/Wallpaper</Str>
			<Str sr="arg1" ve="3">*.*g</Str>
			<Int sr="arg2" val="0"/>
			<Str sr="arg3" ve="3">%Wallpaper_Local_FileList</Str>
		</Action>
		<Action sr="act1" ve="3">
			<code>369</code>
			<Str sr="arg0" ve="3">%Wallpaper_Local_FileList</Str>
			<Int sr="arg1" val="4"/>
		</Action>
		<Action sr="act2" ve="3">
			<code>547</code>
			<Str sr="arg0" ve="3">%Wallpaper_Local_Filename</Str>
			<Str sr="arg1" ve="3">%Wallpaper_Local_FileList1</Str>
			<Int sr="arg2" val="0"/>
			<Int sr="arg3" val="0"/>
		</Action>
		<Action sr="act3" ve="3">
			<code>357</code>
			<Str sr="arg0" ve="3">%Wallpaper_Local_FileList</Str>
		</Action>
		<Action sr="act4" ve="3">
			<code>115</code>
			<Int sr="arg0" val="2"/>
			<Str sr="arg1" ve="3">%Wallpaper_Local_Filename</Str>
			<Str sr="arg2" ve="3">%Wallpaper_Local_ShortFilename</Str>
		</Action>
		<Action sr="act5" ve="3">
			<code>598</code>
			<label>Pixiv folder version</label>
			<on>false</on>
			<Str sr="arg0" ve="3">%Wallpaper_Local_Filename</Str>
			<Str sr="arg1" ve="3">[^\/]*\/[^\/]*$</Str>
			<Int sr="arg2" val="0"/>
			<Int sr="arg3" val="0"/>
			<Int sr="arg4" val="0"/>
			<Str sr="arg5" ve="3">%Wallpaper_Local_ShortFilename</Str>
			<Int sr="arg6" val="0"/>
			<Str sr="arg7" ve="3"/>
		</Action>
		<Action sr="act6" ve="3">
			<code>523</code>
			<Str sr="arg0" ve="3">New wallpaper!</Str>
			<Str sr="arg1" ve="3">%Wallpaper_Local_ShortFilename</Str>
			<Img sr="arg2" ve="2">
				<nme>hd_content_picture</nme>
			</Img>
			<Int sr="arg3" val="0"/>
			<Int sr="arg4" val="0"/>
			<Int sr="arg5" val="3"/>
			<ListElementItem sr="item0">
				<label>Nice</label>
				<Action sr="action" ve="3">
					<code>102</code>
					<Str sr="arg0" ve="3">%Wallpaper_Local_Filename</Str>
					<Str sr="arg1" ve="3">image/png</Str>
				</Action>
				<Img sr="icon" ve="2">
					<nme>hd_ab_action_search</nme>
				</Img>
			</ListElementItem>
			<ListElementItem sr="item1">
				<label>Local shuffle</label>
				<Action sr="action" ve="3">
					<code>130</code>
					<Str sr="arg0" ve="3">Wallpaper.LocalChanger</Str>
					<Int sr="arg1" val="0"/>
					<Int sr="arg2" val="5"/>
					<Str sr="arg3" ve="3"/>
					<Str sr="arg4" ve="3"/>
					<Str sr="arg5" ve="3"/>
				</Action>
				<Img sr="icon" ve="2">
					<nme>hd_ab_av_replay</nme>
				</Img>
			</ListElementItem>
			<ListElementItem sr="item2">
				<label>Web shuffle</label>
				<Action sr="action" ve="3">
					<code>130</code>
					<Str sr="arg0" ve="3">Wallpaper.WebChanger</Str>
					<Int sr="arg1" val="0"/>
					<Int sr="arg2" val="5"/>
					<Str sr="arg3" ve="3"/>
					<Str sr="arg4" ve="3"/>
					<Str sr="arg5" ve="3"/>
				</Action>
				<Img sr="icon" ve="2">
					<nme>hd_ab_av_replay</nme>
				</Img>
			</ListElementItem>
		</Action>
		<Action sr="act7" ve="3">
			<code>109</code>
			<Str sr="arg0" ve="3">%Wallpaper_Local_Filename</Str>
		</Action>
		<Img sr="icn" ve="2">
			<nme>hd_content_picture</nme>
		</Img>
	</Task>
	<Task sr="task28">
		<cdate>1384750542521</cdate>
		<edate>1394289400273</edate>
		<id>28</id>
		<nme>Wallpaper.WebChanger</nme>
		<pri>10</pri>
		<Action sr="act0" ve="3">
			<code>131</code>
			<Str sr="arg0" ve="3">Tasker/scripts/randomWallpaper_Tasker.js</Str>
			<Str sr="arg1" ve="3">https://ajax.googleapis.com/ajax/libs/jquery/1.7.2/jquery.min.js</Str>
			<Int sr="arg2" val="0"/>
			<Int sr="arg3" val="15"/>
		</Action>
		<Action sr="act1" ve="3">
			<code>598</code>
			<on>false</on>
			<Str sr="arg0" ve="3">%WallpaperRelPath</Str>
			<Str sr="arg1" ve="3">[^\/]*$</Str>
			<Int sr="arg2" val="0"/>
			<Int sr="arg3" val="0"/>
			<Int sr="arg4" val="0"/>
			<Str sr="arg5" ve="3">%Wallpaper_Local_ShortFilename</Str>
			<Int sr="arg6" val="0"/>
			<Str sr="arg7" ve="3"/>
		</Action>
		<Action sr="act10" ve="3">
			<code>123</code>
			<label>Test file existence</label>
			<Str sr="arg0" ve="3">[ -e "%Wallpaper_Local_Filename" ] &amp;&amp; echo y || echo n</Str>
			<Int sr="arg1" val="1"/>
			<Int sr="arg2" val="0"/>
			<Str sr="arg3" ve="3">%tmp_stdOut</Str>
			<Str sr="arg4" ve="3"/>
			<Str sr="arg5" ve="3"/>
		</Action>
		<Action sr="act11" ve="3">
			<code>406</code>
			<lhs>%tmp_stdOut</lhs>
			<op>1</op>
			<rhs>y</rhs>
			<Str sr="arg0" ve="3">%Wallpaper_Local_Filename</Str>
			<Int sr="arg1" val="0"/>
			<Int sr="arg2" val="0"/>
		</Action>
		<Action sr="act12" ve="3">
			<code>130</code>
			<Str sr="arg0" ve="3">Wallpaper.LocalChanger</Str>
			<Int sr="arg1" val="0"/>
			<Int sr="arg2" val="5"/>
			<Str sr="arg3" ve="3"/>
			<Str sr="arg4" ve="3"/>
			<Str sr="arg5" ve="3"/>
		</Action>
		<Action sr="act13" ve="3">
			<code>137</code>
			<Int sr="arg0" val="0"/>
			<Str sr="arg1" ve="3"/>
		</Action>
		<Action sr="act14" ve="3">
			<code>38</code>
		</Action>
		<Action sr="act15" ve="3">
			<code>38</code>
		</Action>
		<Action sr="act16" ve="3">
			<code>523</code>
			<Str sr="arg0" ve="3">New wallpaper!</Str>
			<Str sr="arg1" ve="3">%Wallpaper_Local_ShortFilename</Str>
			<Img sr="arg2" ve="2">
				<nme>hd_content_picture</nme>
			</Img>
			<Int sr="arg3" val="0"/>
			<Int sr="arg4" val="0"/>
			<Int sr="arg5" val="3"/>
			<ListElementItem sr="item0">
				<label>Nice</label>
				<Action sr="action" ve="3">
					<code>102</code>
					<Str sr="arg0" ve="3">%Wallpaper_Local_Filename</Str>
					<Str sr="arg1" ve="3">image/*</Str>
				</Action>
				<Img sr="icon" ve="2">
					<nme>hd_ab_action_search</nme>
				</Img>
			</ListElementItem>
			<ListElementItem sr="item1">
				<label>Local shuffle!</label>
				<Action sr="action" ve="3">
					<code>130</code>
					<Str sr="arg0" ve="3">Wallpaper.LocalChanger</Str>
					<Int sr="arg1" val="0"/>
					<Int sr="arg2" val="5"/>
					<Str sr="arg3" ve="3"/>
					<Str sr="arg4" ve="3"/>
					<Str sr="arg5" ve="3"/>
				</Action>
				<Img sr="icon" ve="2">
					<nme>hd_ab_av_replay</nme>
				</Img>
			</ListElementItem>
			<ListElementItem sr="item2">
				<label>Web shuffle</label>
				<Action sr="action" ve="3">
					<code>130</code>
					<Str sr="arg0" ve="3">Wallpaper.WebChanger</Str>
					<Int sr="arg1" val="0"/>
					<Int sr="arg2" val="5"/>
					<Str sr="arg3" ve="3"/>
					<Str sr="arg4" ve="3"/>
					<Str sr="arg5" ve="3"/>
				</Action>
				<Img sr="icon" ve="2">
					<nme>hd_ab_av_replay</nme>
				</Img>
			</ListElementItem>
		</Action>
		<Action sr="act17" ve="3">
			<code>109</code>
			<Str sr="arg0" ve="3">%Wallpaper_Local_Filename</Str>
		</Action>
		<Action sr="act2" ve="3">
			<code>115</code>
			<Int sr="arg0" val="2"/>
			<Str sr="arg1" ve="3">%WallpaperRelPath</Str>
			<Str sr="arg2" ve="3">%Wallpaper_Local_ShortFilename</Str>
		</Action>
		<Action sr="act3" ve="3">
			<code>547</code>
			<Str sr="arg0" ve="3">%Wallpaper_Local_Filename</Str>
			<Str sr="arg1" ve="3">macrobull/Media/Image/tmp/%Wallpaper_Local_ShortFilename</Str>
			<Int sr="arg2" val="0"/>
			<Int sr="arg3" val="0"/>
		</Action>
		<Action sr="act4" ve="3">
			<code>123</code>
			<label>Test file existence</label>
			<Str sr="arg0" ve="3">[ -e "%Wallpaper_Local_Filename" ] &amp;&amp; echo y || echo n</Str>
			<Int sr="arg1" val="1"/>
			<Int sr="arg2" val="0"/>
			<Str sr="arg3" ve="3">%tmp_stdOut</Str>
			<Str sr="arg4" ve="3"/>
			<Str sr="arg5" ve="3"/>
		</Action>
		<Action sr="act5" ve="3">
			<code>37</code>
			<lhs>%tmp_stdOut</lhs>
			<op>1</op>
			<rhs>n</rhs>
		</Action>
		<Action sr="act6" ve="3">
			<code>118</code>
			<Str sr="arg0" ve="3">http://dl.dropboxusercontent.com</Str>
			<Str sr="arg1" ve="3">%WallpaperURLPath</Str>
			<Str sr="arg2" ve="3"/>
			<Str sr="arg3" ve="3"/>
			<Int sr="arg4" val="45"/>
			<Str sr="arg5" ve="3">image/*</Str>
			<Str sr="arg6" ve="3">%Wallpaper_Local_Filename</Str>
		</Action>
		<Action sr="act7" ve="3">
			<code>548</code>
			<on>false</on>
			<Str sr="arg0" ve="3">%HTTPL %WallpaperSize</Str>
			<Int sr="arg1" val="0"/>
		</Action>
		<Action sr="act8" ve="3">
			<code>37</code>
			<lhs>%HTTPL</lhs>
			<op>6</op>
			<rhs>%WallpaperSize</rhs>
		</Action>
		<Action sr="act9" ve="3">
			<code>548</code>
			<Str sr="arg0" ve="3">Wallpaper downloading failed, switch to local.</Str>
			<Int sr="arg1" val="0"/>
		</Action>
		<Img sr="icn" ve="2">
			<nme>hd_content_picture</nme>
		</Img>
	</Task>
	<Task sr="task29">
		<cdate>1384779927822</cdate>
		<edate>1394289099401</edate>
		<id>29</id>
		<nme>Wallpaper.Update</nme>
		<pri>10</pri>
		<Kid sr="Kid">
			<launchID>29</launchID>
			<pkg>osu.macrobull.wallpaper</pkg>
			<vnme>0.1</vnme>
			<vnum>2</vnum>
		</Kid>
		<Action sr="act0" ve="3">
			<code>545</code>
			<Str sr="arg0" ve="3">%tmp_Rand</Str>
			<Int sr="arg1" val="0"/>
			<Int sr="arg2" val="9"/>
		</Action>
		<Action sr="act1" ve="3">
			<code>547</code>
			<lhs>%WIFII</lhs>
			<op>12</op>
			<rhs>CONNECTION</rhs>
			<Str sr="arg0" ve="3">%tmp_Rand</Str>
			<Str sr="arg1" ve="3">0</Str>
			<Int sr="arg2" val="0"/>
			<Int sr="arg3" val="0"/>
		</Action>
		<Action sr="act2" ve="3">
			<code>37</code>
			<lhs>%tmp_Rand</lhs>
			<op>4</op>
			<rhs>3</rhs>
		</Action>
		<Action sr="act3" ve="3">
			<code>548</code>
			<Str sr="arg0" ve="3">Updating wallpaper from web ~</Str>
			<Int sr="arg1" val="0"/>
		</Action>
		<Action sr="act4" ve="3">
			<code>130</code>
			<Str sr="arg0" ve="3">Wallpaper.WebChanger</Str>
			<Int sr="arg1" val="0"/>
			<Int sr="arg2" val="5"/>
			<Str sr="arg3" ve="3"/>
			<Str sr="arg4" ve="3"/>
			<Str sr="arg5" ve="3"/>
		</Action>
		<Action sr="act5" ve="3">
			<code>43</code>
		</Action>
		<Action sr="act6" ve="3">
			<code>548</code>
			<Str sr="arg0" ve="3">Updating wallpaper from local ~</Str>
			<Int sr="arg1" val="0"/>
		</Action>
		<Action sr="act7" ve="3">
			<code>130</code>
			<Str sr="arg0" ve="3">Wallpaper.LocalChanger</Str>
			<Int sr="arg1" val="0"/>
			<Int sr="arg2" val="5"/>
			<Str sr="arg3" ve="3"/>
			<Str sr="arg4" ve="3"/>
			<Str sr="arg5" ve="3"/>
		</Action>
		<Action sr="act8" ve="3">
			<code>38</code>
		</Action>
		<Img sr="icn" ve="2">
			<nme>hd_aaa_ext_dropbox</nme>
		</Img>
	</Task>
</TaskerData>
